{
  "seed": 1,
  "config": {
    "n_train": 200,
    "n_test": 100,
    "T_frames": 30,
    "half_fov_deg": 30.0,
    "max_range": 6.0,
    "det_noise": 0.05,
    "pose_drift": 0.15,
    "tol_pos_m": 0.5,
    "tol_ang_deg": 30.0,
    "threshold_pp": 20
  },
  "results": {
    "no-memory": {
      "n_train_q": 929,
      "n_test_q": 436,
      "wm_success": 0.0022935779816513763,
      "wm_mean_err_m": 3.5480587482452393,
      "vla_success": 0.26605504587155965,
      "vla_mean_err_deg": 66.88362884521484
    },
    "naive": {
      "n_train_q": 929,
      "n_test_q": 436,
      "wm_success": 0.009174311926605505,
      "wm_mean_err_m": 3.427175760269165,
      "vla_success": 0.3073394495412844,
      "vla_mean_err_deg": 59.92964553833008
    },
    "egomem": {
      "n_train_q": 929,
      "n_test_q": 436,
      "wm_success": 0.0481651376146789,
      "wm_mean_err_m": 2.308187484741211,
      "vla_success": 0.5068807339449541,
      "vla_mean_err_deg": 38.094024658203125
    }
  },
  "wm_pass": false,
  "vla_pass": true,
  "H1": "REJECTED"
}