{
  "seed": 2,
  "config": {
    "n_train": 200,
    "n_test": 100,
    "T_frames": 30,
    "half_fov_deg": 30.0,
    "max_range": 6.0,
    "det_noise": 0.05,
    "pose_drift": 0.05,
    "tol_pos_m": 0.5,
    "tol_ang_deg": 30.0,
    "threshold_pp": 20
  },
  "results": {
    "no-memory": {
      "n_train_q": 893,
      "n_test_q": 429,
      "wm_success": 0.0,
      "wm_mean_err_m": 3.6290793418884277,
      "vla_success": 0.29836829836829837,
      "vla_mean_err_deg": 66.39205169677734
    },
    "naive": {
      "n_train_q": 893,
      "n_test_q": 429,
      "wm_success": 0.027972027972027972,
      "wm_mean_err_m": 3.296976327896118,
      "vla_success": 0.3356643356643357,
      "vla_mean_err_deg": 55.449398040771484
    },
    "egomem": {
      "n_train_q": 893,
      "n_test_q": 429,
      "wm_success": 0.31002331002331,
      "wm_mean_err_m": 0.9052231311798096,
      "vla_success": 0.9370629370629371,
      "vla_mean_err_deg": 13.638702392578125
    }
  },
  "wm_pass": true,
  "vla_pass": true,
  "H1": "CONFIRMED"
}